1,Noto Sans SC Regular,Regular,NotoSansSC-Regular.otf,0,Noto Sans SC Regular,NotoSansSC-Regular,Noto Sans SC,3,Noto Sans SC Regular,NotoSansSC-Regular,Noto Sans SC,0,400,0,1611006215,0,536870915,719272976,22,0,0
2,Noto Sans,Regular,NotoSans-Regular.ttf,0,Noto Sans,NotoSans,Noto Sans,2,Noto Sans,NotoSans,0,400,0,536871327,3755409408,3758097151,0,0,0,,
3,Noto Sans Tibetan,Regular,NotoSansTibetan-Regular.ttf,0,Noto Sans Tibetan,NotoSansTibetan,Noto Sans Tibetan,2,Noto Sans Tibetan,NotoSansTibetan,0,400,0,1,0,0,0,64,0,,
4,Noto Sans CJK TC Medium,Regular,NotoSansCJKtc-Medium.otf,0,Noto Sans CJK TC Medium,NotoSansCJKtc-Medium,Noto Sans CJK TC Medium,2,Noto Sans CJK TC Medium,NotoSansCJKtc-Medium,0,500,0,1610612999,0,805306371,736050192,22,0,,
5,Noto Sans Telugu,Bold,NotoSansTelugu-Bold.ttf,0,Noto Sans Telugu,NotoSansTelugu-Bold,Noto Sans Telugu Bold,2,Noto Sans Telugu,NotoSansTelugu-Bold,0,700,262144,1,0,2097152,0,0,0,,
6,Noto Sans Thaana,Bold,NotoSansThaana-Bold.ttf,0,Noto Sans Thaana,NotoSansThaana-Bold,Noto Sans Thaana Bold,2,Noto Sans Thaana,NotoSansThaana-Bold,0,700,262144,1,0,0,0,256,0,,
7,Noto Sans Mono CJK KR Regular,Regular,NotoSansMonoCJKkr-Regular.otf,0,Noto Sans Mono CJK KR Regular,NotoSansMonoCJKkr-Regular,Noto Sans Mono CJK KR,3,Noto Sans Mono CJK KR Regular,NotoSansMonoCJKkr-Regular,Noto Sans Mono CJK KR,0,400,0,1073742081,0,805306371,736050192,22,0,
8,Noto Sans Tibetan,Bold,NotoSansTibetan-Bold.ttf,0,Noto Sans Tibetan,NotoSansTibetan-Bold,Noto Sans Tibetan Bold,2,Noto Sans Tibetan,NotoSansTibetan-Bold,0,700,262144,1,0,0,0,64,0,,
9,Noto Sans CJK KR DemiLight,Regular,NotoSansCJKkr-DemiLight.otf,0,Noto Sans CJK KR DemiLight,NotoSansCJKkr-DemiLight,Noto Sans CJK KR DemiLight,2,Noto Sans CJK KR DemiLight,NotoSansCJKkr-DemiLight,0,350,0,1073742081,0,805306371,736050192,22,0,,
10,Noto Sans Thai,Regular,NotoSansThai-Regular.ttf,0,Noto Sans Thai,NotoSansThai-Regular,Noto Sans Thai,2,Noto Sans Thai,NotoSansThai-Regular,0,400,0,65683,0,2164260963,8192,0,0,,
11,Noto Naskh Arabic,Bold,NotoNaskhArabic-Bold.ttf,0,Noto Naskh Arabic,NotoNaskhArabic-Bold,Noto Naskh Arabic Bold,2,Noto Naskh Arabic,NotoNaskhArabic-Bold,0,700,262144,65,524288,8192,2147483648,8,0,,
12,Noto Sans Cherokee,Regular,NotoSansCherokee-Regular.ttf,0,Noto Sans Cherokee,NotoSansCherokee,Noto Sans Cherokee,2,Noto Sans Cherokee,NotoSansCherokee,0,400,0,536871327,0,0,0,4096,0,,
13,Noto Sans CJK JP Regular,Regular,NotoSansCJKjp-Regular.otf,0,Noto Sans CJK JP Regular,NotoSansCJKjp-Regular,Noto Sans CJK JP,3,Noto Sans CJK JP Regular,NotoSansCJKjp-Regular,Noto Sans CJK JP,0,400,0,1610612999,0,805306371,736050192,22,0,
14,Noto Sans CJK JP Thin,Regular,NotoSansCJKjp-Thin.otf,0,Noto Sans CJK JP Thin,NotoSansCJKjp-Thin,Noto Sans CJK JP Thin,2,Noto Sans CJK JP Thin,NotoSansCJKjp-Thin,0,250,0,1610612999,0,805306371,736050192,22,0,,
15,Noto Sans CJK TC Thin,Regular,NotoSansCJKtc-Thin.otf,0,Noto Sans CJK TC Thin,NotoSansCJKtc-Thin,Noto Sans CJK TC Thin,2,Noto Sans CJK TC Thin,NotoSansCJKtc-Thin,0,250,0,536871175,0,805306371,736050192,22,0,,
16,Noto Sans SC Thin,Regular,NotoSansSC-Thin.otf,0,Noto Sans SC Thin,NotoSansSC-Thin,Noto Sans SC Thin,2,Noto Sans SC Thin,NotoSansSC-Thin,0,250,0,1611006215,0,536870915,719272976,22,0,,
17,Noto Sans Tai Le,Regular,NotoSansTaiLe-Regular.ttf,0,Noto Sans Tai Le,NotoSansTaiLe,Noto Sans Tai Le,2,Noto Sans Tai Le,NotoSansTaiLe,0,400,0,1,0,0,0,1073741824,0,,
18,Noto Sans Thaana,Regular,NotoSansThaana-Regular.ttf,0,Noto Sans Thaana,NotoSansThaana,Noto Sans Thaana,2,Noto Sans Thaana,NotoSansThaana,0,400,0,1,0,0,0,256,0,,
19,Noto Sans TC,Bold,NotoSansTC-Bold.ttf,0,Noto Sans TC,NotoSansTC-Bold,Noto Sans TC Bold,2,Noto Sans TC,NotoSansTC-Bold,0,700,262144,1611792647,0,536871043,719272976,22,0,,
20,Noto Sans TC Light,Regular,NotoSansTC-Light.ttf,0,Noto Sans TC Light,NotoSansTC-Light,Noto Sans TC Light,2,Noto Sans TC Light,NotoSansTC-Light,0,300,0,1611792647,0,536871043,719272976,22,0,,
21,Noto Sans TC,Regular,NotoSansTC-Regular.ttf,0,Noto Sans TC,NotoSansTC-Regular,Noto Sans TC,2,Noto Sans TC,NotoSansTC-Regular,0,400,0,1611792647,0,536871043,719272976,22,0,,
22,Noto Sans SC Medium,Regular,NotoSansSC-Medium.otf,0,Noto Sans SC Medium,NotoSansSC-Medium,Noto Sans SC Medium,2,Noto Sans SC Medium,NotoSansSC-Medium,0,500,0,1611006215,0,536870915,719272976,22,0,,
23,Noto Sans Thai,Bold,NotoSansThai-Bold.ttf,0,Noto Sans Thai,NotoSansThai-Bold,Noto Sans Thai Bold,2,Noto Sans Thai,NotoSansThai-Bold,0,700,262144,65683,0,2164260963,8192,0,0,,
24,Noto Serif Thai,Bold,NotoSerifThai-Bold.ttf,0,Noto Serif Thai,NotoSerifThai-Bold,Noto Serif Thai Bold,2,Noto Serif Thai,NotoSerifThai-Bold,0,700,262146,1,0,16777216,0,0,0,,
25,Noto Sans CJK KR Medium,Regular,NotoSansCJKkr-Medium.otf,0,Noto Sans CJK KR Medium,NotoSansCJKkr-Medium,Noto Sans CJK KR Medium,2,Noto Sans CJK KR Medium,NotoSansCJKkr-Medium,0,500,0,1073742081,0,805306371,736050192,22,0,,
26,Noto Sans Ethiopic,Bold,NotoSansEthiopic-Bold.ttf,0,Noto Sans Ethiopic,NotoSansEthiopic-Bold,Noto Sans Ethiopic Bold,2,Noto Sans Ethiopic,NotoSansEthiopic-Bold,0,700,262144,1,0,0,0,2048,0,,
27,Noto Sans,Bold,NotoSans-Bold.ttf,0,Noto Sans,NotoSans-Bold,Noto Sans Bold,2,Noto Sans,NotoSans-Bold,0,700,262144,536871327,3755409408,3758097151,0,0,0,,
28,Noto Serif Lao,Regular,NotoSerifLao-Regular.ttf,0,Noto Serif Lao,NotoSerifLao,Noto Serif Lao,2,Noto Serif Lao,NotoSerifLao,0,400,0,536871185,1090519040,33554432,0,0,0,,
29,Noto Sans TC Light,Regular,NotoSansTCLight.otf,0,Noto Sans TC Light,NotoSansTC-Light,Noto Sans TC Light,2,Noto Sans TC Light,NotoSansTC-Light,0,300,0,1611792647,0,536870915,719272976,22,0,,
30,Noto Sans Phags Pa,Regular,NotoSansPhagsPa-Regular.ttf,0,Noto Sans Phags Pa,NotoSansPhagsPa,Noto Sans Phags Pa,2,Noto Sans Phags Pa,NotoSansPhagsPa,0,400,0,1,0,0,2097152,0,0,,
31,Noto Sans Telugu,Regular,NotoSansTelugu-Regular.ttf,0,Noto Sans Telugu,NotoSansTelugu,Noto Sans Telugu,2,Noto Sans Telugu,NotoSansTelugu,0,400,0,1,0,2097152,0,0,0,,
32,Noto Sans Yi,Regular,NotoSansYi-Regular.ttf,0,Noto Sans Yi,NotoSansYi,Noto Sans Yi,2,Noto Sans Yi,NotoSansYi,0,400,0,1,0,0,0,524288,0,,
33,Noto Sans SC Bold,Regular,NotoSansSC-Bold.otf,0,Noto Sans SC Bold,NotoSansSC-Bold,Noto Sans SC Bold,2,Noto Sans SC Bold,NotoSansSC-Bold,0,700,262144,1611006215,0,536870915,719272976,22,0,,
34,Noto Sans Canadian Aboriginal,Regular,NotoSansCanadianAboriginal-Regular.ttf,0,Noto Sans Canadian Aboriginal,NotoSansCanadianAboriginal,Noto Sans Canadian Aboriginal,2,Noto Sans Canadian Aboriginal,NotoSansCanadianAboriginal,0,400,0,1,0,0,0,536879104,0,,
35,Noto Sans Khmer,Regular,NotoSansKhmer-Regular.ttf,0,Noto Sans Khmer,NotoSansKhmer,Noto Sans Khmer,2,Noto Sans Khmer,NotoSansKhmer,0,400,0,536871185,1090519040,0,0,65536,0,,
36,Noto Serif Khmer,Bold,NotoSerifKhmer-Bold.ttf,0,Noto Serif Khmer,NotoSerifKhmer-Bold,Noto Serif Khmer Bold,2,Noto Serif Khmer,NotoSerifKhmer-Bold,0,700,262146,1,0,2147483651,8283,65536,0,,
37,Noto Sans Syriac Eastern,Regular,NotoSansSyriacEastern-Regular.ttf,0,Noto Sans Syriac Eastern,NotoSansSyriacEastern,Noto Sans Syriac Eastern,2,Noto Sans Syriac Eastern,NotoSansSyriacEastern,0,400,2,540934497,3623813120,0,0,128,0,,
38,Noto Serif Thai,Regular,NotoSerifThai-Regular.ttf,0,Noto Serif Thai,NotoSerifThai,Noto Serif Thai,2,Noto Serif Thai,NotoSerifThai,0,400,2,1,0,16777216,0,0,0,,
39,Noto Sans Hebrew,Regular,NotoSansHebrew-Regular.ttf,0,Noto Sans Hebrew,NotoSansHebrew,Noto Sans Hebrew,2,Noto Sans Hebrew,NotoSansHebrew,0,400,0,33,2097152,2048,1073741824,0,0,,
40,Noto Sans Gujarati,Bold,NotoSansGujarati-Bold.ttf,0,Noto Sans Gujarati,NotoSansGujarati-Bold,Noto Sans Gujarati Bold,2,Noto Sans Gujarati,NotoSansGujarati-Bold,0,700,262144,1,0,262144,0,0,0,,
41,Noto Sans CJK JP Medium,Regular,NotoSansCJKjp-Medium.otf,0,Noto Sans CJK JP Medium,NotoSansCJKjp-Medium,Noto Sans CJK JP Medium,2,Noto Sans CJK JP Medium,NotoSansCJKjp-Medium,0,500,0,1610612999,0,805306371,736050192,22,0,,
42,Noto Sans SC Black,Regular,NotoSansSC-Black.otf,0,Noto Sans SC Black,NotoSansSC-Black,Noto Sans SC Black,2,Noto Sans SC Black,NotoSansSC-Black,0,900,0,1611006215,0,536870915,719272976,22,0,,
43,Noto Sans Tamil,Bold,NotoSansTamil-Bold.ttf,0,Noto Sans Tamil,NotoSansTamil-Bold,Noto Sans Tamil Bold,2,Noto Sans Tamil,NotoSansTamil-Bold,0,700,262144,1,0,1048576,0,0,0,,
44,Noto Sans Lao,Regular,NotoSansLao-Regular.ttf,0,Noto Sans Lao,NotoSansLao,Noto Sans Lao,2,Noto Sans Lao,NotoSansLao,0,400,0,536871185,1090519040,33554432,0,0,0,,
45,Noto Sans Tamil,Regular,NotoSansTamil-Regular.ttf,0,Noto Sans Tamil,NotoSansTamil,Noto Sans Tamil,2,Noto Sans Tamil,NotoSansTamil,0,400,0,1,0,1048576,0,0,0,,
46,Noto Sans Gujarati,Regular,NotoNirmalaui-Regular.ttf,0,Noto Sans Gujarati,NotoSansGujarati,Noto Sans Gujarati,2,Noto Sans Gujarati,NotoSansGujarati,0,400,0,1,0,262144,0,0,0,,
47,Noto Sans Sinhala,Regular,NotoSansSinhala-Regular.ttf,0,Noto Sans Sinhala,NotoSansSinhala,Noto Sans Sinhala,2,Noto Sans Sinhala,NotoSansSinhala,0,400,0,1,0,0,0,512,0,,
48,Noto Sans CJK TC DemiLight,Regular,NotoSansCJKtc-DemiLight.otf,0,Noto Sans CJK TC DemiLight,NotoSansCJKtc-DemiLight,Noto Sans CJK TC DemiLight,2,Noto Sans CJK TC DemiLight,NotoSansCJKtc-DemiLight,0,350,0,258,0,805306371,736050192,22,0,,
49,Noto Sans Ethiopic,Regular,NotoSansEthiopic-Regular.ttf,0,Noto Sans Ethiopic,NotoSansEthiopic,Noto Sans Ethiopic,2,Noto Sans Ethiopic,NotoSansEthiopic,0,400,0,1,0,0,0,2048,0,,
50,Noto Sans Gujarati,Regular,NotoSansGujarati-Regular.ttf,0,Noto Sans Gujarati,NotoSansGujarati,Noto Sans Gujarati,2,Noto Sans Gujarati,NotoSansGujarati,0,400,0,1,0,262144,0,0,0,,
51,Noto Sans,Bold Italic,NotoSans-BoldItalic.ttf,0,Noto Sans,NotoSans-BoldItalic,Noto Sans Bold Italic,2,Noto Sans,NotoSans-BoldItalic,1,700,262208,536871327,3755409408,3758097151,0,0,0,,
52,Noto Serif Khmer,Regular,NotoSerifKhmer-Regular.ttf,0,Noto Serif Khmer,NotoSerifKhmer,Noto Serif Khmer,2,Noto Serif Khmer,NotoSerifKhmer,0,400,2,1,0,2147483651,8283,65536,0,,
53,Noto Sans CJK TC Light,Regular,NotoSansCJKtc-Light.otf,0,Noto Sans CJK TC Light,NotoSansCJKtc-Light,Noto Sans CJK TC Light,2,Noto Sans CJK TC Light,NotoSansCJKtc-Light,0,300,0,536871175,0,805306371,736050192,22,0,,
54,Noto Serif Lao,Bold,NotoSerifLao-Bold.ttf,0,Noto Serif Lao,NotoSerifLao-Bold,Noto Serif Lao Bold,2,Noto Serif Lao,NotoSerifLao-Bold,0,700,262144,536871185,1090519040,33554432,0,0,0,,
55,Noto Sans CJK KR Light,Regular,NotoSansCJKkr-Light.otf,0,Noto Sans CJK KR Light,NotoSansCJKkr-Light,Noto Sans CJK KR Light,2,Noto Sans CJK KR Light,NotoSansCJKkr-Light,0,300,0,1073742081,0,805306371,736050192,22,0,,
56,Noto Sans CJK KR Thin,Regular,NotoSansCJKkr-Thin.otf,0,Noto Sans CJK KR Thin,NotoSansCJKkr-Thin,Noto Sans CJK KR Thin,2,Noto Sans CJK KR Thin,NotoSansCJKkr-Thin,0,250,0,1073742081,0,805306371,736050192,22,0,,
57,Noto Sans Khmer,Bold,NotoSansKhmer-Bold.ttf,0,Noto Sans Khmer,NotoSansKhmer-Bold,Noto Sans Khmer Bold,2,Noto Sans Khmer,NotoSansKhmer-Bold,0,700,262144,536871185,1090519040,0,0,65536,0,,
58,Noto Sans CJK KR Regular,Regular,NotoSansCJKkr-Regular.otf,0,Noto Sans CJK KR Regular,NotoSansCJKkr-Regular,Noto Sans CJK KR,3,Noto Sans CJK KR Regular,NotoSansCJKkr-Regular,Noto Sans CJK KR,0,400,0,1610612999,0,805306371,736050192,22,0,
59,Noto Sans CJK SC DemiLight,Regular,NotoSansSC-DemiLight.otf,0,Noto Sans CJK SC DemiLight,NotoSansCJKsc-DemiLight,Noto Sans CJK SC DemiLight,2,Noto Sans CJK SC DemiLight,NotoSansCJKsc-DemiLight,0,350,0,536871175,0,805306371,736050192,22,0,,
60,Noto Sans Sinhala,Bold,NotoSansSinhala-Bold.ttf,0,Noto Sans Sinhala,NotoSansSinhala-Bold,Noto Sans Sinhala Bold,2,Noto Sans Sinhala,NotoSansSinhala-Bold,0,700,262144,1,0,0,0,512,0,,
61,Noto Sans CJK JP Light,Regular,NotoSansCJKjp-Light.otf,0,Noto Sans CJK JP Light,NotoSansCJKjp-Light,Noto Sans CJK JP Light,2,Noto Sans CJK JP Light,NotoSansCJKjp-Light,0,300,0,1610612999,0,805306371,736050192,22,0,,
62,Noto Sans Mono CJK SC Regular,Regular,NotoSansMonoCJKsc-Regular.otf,0,Noto Sans Mono CJK SC Regular,NotoSansMonoCJKsc-Regular,Noto Sans Mono CJK SC,3,Noto Sans Mono CJK SC Regular,NotoSansMonoCJKsc-Regular,Noto Sans Mono CJK SC,0,400,0,1610612999,0,805306371,736050192,22,0,
63,Noto Sans Mono CJK TC Regular,Regular,NotoSansMonoCJKtc-Regular.otf,0,Noto Sans Mono CJK TC Regular,NotoSansMonoCJKtc-Regular,Noto Sans Mono CJK TC,3,Noto Sans Mono CJK TC Regular,NotoSansMonoCJKtc-Regular,Noto Sans Mono CJK TC,0,400,0,1073742087,0,805306371,736050192,22,0,
64,Noto Naskh Arabic,Regular,NotoNaskhArabic-Regular.ttf,0,Noto Naskh Arabic,NotoNaskhArabic,Noto Naskh Arabic,2,Noto Naskh Arabic,NotoNaskhArabic,0,400,0,65,524288,8192,2147483648,8,0,,
65,Noto Sans Lao,Bold,NotoSansLao-Bold.ttf,0,Noto Sans Lao,NotoSansLao-Bold,Noto Sans Lao Bold,2,Noto Sans Lao,NotoSansLao-Bold,0,700,262144,536871185,1090519040,33554432,0,0,0,,
66,Noto Sans Mongolian,Regular,NotoSansMongolian-Regular.ttf,0,Noto Sans Mongolian,NotoSansMongolian,Noto Sans Mongolian,2,Noto Sans Mongolian,NotoSansMongolian,0,400,0,1,0,0,0,131072,0,,
67,Noto Sans Mono CJK JP Regular,Regular,NotoSansMonoCJKjp-Regular.otf,0,Noto Sans Mono CJK JP Regular,NotoSansMonoCJKjp-Regular,Noto Sans Mono CJK JP,3,Noto Sans Mono CJK JP Regular,NotoSansMonoCJKjp-Regular,Noto Sans Mono CJK JP,0,400,0,1610612999,0,805306371,736050192,22,0,
68,Noto Sans CJK JP DemiLight,Regular,NotoSansCJKjp-DemiLight.otf,0,Noto Sans CJK JP DemiLight,NotoSansCJKjp-DemiLight,Noto Sans CJK JP DemiLight,2,Noto Sans CJK JP DemiLight,NotoSansCJKjp-DemiLight,0,350,0,1610612999,0,805306371,736050192,22,0,,
69,Noto Sans Hebrew,Bold,NotoSansHebrew-Bold.ttf,0,Noto Sans Hebrew,NotoSansHebrew-Bold,Noto Sans Hebrew Bold,2,Noto Sans Hebrew,NotoSansHebrew-Bold,0,700,262144,33,2097152,2048,1073741824,0,0,,
70,Noto Serif,Bold,NotoSerif-Bold.ttf,0,Noto Serif,NotoSerif-Bold,Noto Serif Bold,2,Noto Serif,NotoSerif-Bold,0,700,262146,415,0,3758097151,1073750047,134217769,1048576,,
71,Noto Serif,Bold Italic,NotoSerif-BoldItalic.ttf,0,Noto Serif,NotoSerif-BoldItalic,Noto Serif Bold Italic,2,Noto Serif,NotoSerif-BoldItalic,1,700,262210,415,0,3758097151,1073750047,134217769,1048576,,
72,Noto Serif,Italic,NotoSerif-Italic.ttf,0,Noto Serif,NotoSerif-Italic,Noto Serif Italic,2,Noto Serif,NotoSerif-Italic,1,400,66,415,0,3758097151,1073750047,134217769,1048576,,
73,Noto Serif,Regular,NotoSerif-Regular.ttf,0,Noto Serif,NotoSerif-Regular,Noto Serif,2,Noto Serif,NotoSerif-Regular,0,400,2,415,0,3758097151,1073750047,134217769,1048576,,
